,mean,std,5%,50%,95%,hpdi_95%
0,0.2469574,0.056662247,0.12010134309530258,0.2563087046146393,0.32250078916549685,0.25855756
1,0.0047744396,0.0017578017,0.0012102088134270162,0.005213694181293249,0.007485375972464668,0.0052098786
2,0.003713833,0.0014774253,0.0006979008350754161,0.0040896853897720575,0.005933271767571556,0.004091225
