,median,std,ci_2.5,ci_97.5
Story Richness,308.57044553756714,67.9946720455984,126.02361722290516,402.40273481607437
Text Richness,308.57044553756714,67.9946720455984,126.02361722290516,402.40273481607437
Witness Richness,218834.6212003825,526549.2324966409,2325.8996524887534,2030490.6939625298
