,median,std,ci_2.5,ci_97.5
Text Survival,0.20042132800220275,0.0817525972791441,0.1755372031027539,0.5261327434693824
Witness Survival,0.003626648284201317,0.07837023034361366,0.0003577633630459731,0.3287991993793685
